{
  "n": 50,
  "alpha": 0.05,
  "pearson": {
    "r": 0.29601257375333667,
    "p_value": 0.03686885495502048,
    "ci_low": 0.0192510330120077,
    "ci_high": 0.530638627887755,
    "significant": true
  },
  "spearman": {
    "rho": 0.3310042681450076,
    "p_value": 0.018876192436195482,
    "significant": true
  },
  "normality": {
    "dimension": {
      "shapiro_W": 0.9736411835197628,
      "p_value": 0.3234288215733082,
      "normal": true
    },
    "surge": {
      "shapiro_W": 0.623293115268847,
      "p_value": 4.388011846376485e-10,
      "normal": false
    }
  },
  "regression": {
    "slope": 4.442876990839435,
    "intercept": -1.9847787268638286,
    "r_squared": 0.08762344382007459,
    "p_value": 0.03686885495502038,
    "std_error": 2.069286241472718,
    "slope_ci_low": 0.28229815026077976,
    "slope_ci_high": 8.603455831418092
  },
  "anova": {
    "f_statistic": 5.712930771982751,
    "p_value": 0.020813653144078438,
    "significant": true,
    "n_groups": 2
  },
  "n_excluded": 5
}