{
  "n": 30,
  "alpha": 0.05,
  "pearson": {
    "r": 0.8487831829788063,
    "p_value": 3.0976632971512008e-09,
    "ci_low": 0.7036981350223328,
    "ci_high": 0.9259160982873237,
    "significant": true
  },
  "spearman": {
    "rho": 0.8491657397107898,
    "p_value": 2.9971762405665943e-09,
    "significant": true
  },
  "normality": {
    "dimension": {
      "shapiro_W": 0.9605379636167528,
      "p_value": 0.31971672008362206,
      "normal": true
    },
    "surge": {
      "shapiro_W": 0.9384508986479739,
      "p_value": 0.08263218937080108,
      "normal": true
    }
  },
  "regression": {
    "slope": 9.804640326805917,
    "intercept": -9.721828444939149,
    "r_squared": 0.7204328917076336,
    "p_value": 3.097663297151262e-09,
    "std_error": 1.1542474450031253,
    "slope_ci_low": 7.440271617062601,
    "slope_ci_high": 12.169009036549232
  },
  "anova": {
    "f_statistic": 39.033680747261194,
    "p_value": 1.0804263386185644e-08,
    "significant": true,
    "n_groups": 3
  }
}